Date,Product,Quantity Sold,Unit Price,Total Revenue
2023-01-03,Widget B,20,21.50,430.00
2023-01-04,Widget B,16,21.50,344.00
2023-01-01,Widget C,25,12.75,318.75
2023-01-04,Widget C,31,12.75,395.25
2023-01-01,Widget A,20,15.99,319.80
2023-01-02,Widget A,22,15.99,351.78
2023-01-03,Widget C,28,12.75,357.00
2023-01-01,Widget B,15,21.50,322.50
2023-01-02,Widget B,13,21.50,279.50
2023-01-03,Widget A,18,15.99,287.82
2023-01-02,Widget C,30,12.75,382.50
2023-01-04,Widget A,19,15.99,303.81
